[
  {
    "name": "Eye Candy",
    "link": "https://worldstarhiphop.com/watch/eye-candy-videos"
  },
  {
    "name": "Public Freak Offs",
    "link": "https://worldstarhiphop.com/watch/public-freak-offs-videos"
  },
  {
    "name": "Fight",
    "link": "https://worldstarhiphop.com/watch/fight-videos"
  },
  {
    "name": "Girl Fight",
    "link": "https://worldstarhiphop.com/watch/girl-fight-videos"
  },
  {
    "name": "Uncut",
    "link": "https://worldstarhiphop.com/watch/uncut-videos"
  },
  {
    "name": "Cheating",
    "link": "https://worldstarhiphop.com/watch/cheating-videos"
  },
  {
    "name": "Twerking",
    "link": "https://worldstarhiphop.com/watch/twerking-videos"
  },
  {
    "name": "Ratchet",
    "link": "https://worldstarhiphop.com/watch/ratchet-videos"
  },
  {
    "name": "Street Fight",
    "link": "https://worldstarhiphop.com/watch/street-fight-videos"
  },
  {
    "name": "Onlyfans",
    "link": "https://worldstarhiphop.com/watch/onlyfans-videos"
  },
  {
    "name": "School Fight",
    "link": "https://worldstarhiphop.com/watch/school-fight-videos"
  },
  {
    "name": "Twerk Compliation",
    "link": "https://worldstarhiphop.com/watch/twerk-compliation-videos"
  },
  {
    "name": "Shooting",
    "link": "https://worldstarhiphop.com/watch/shooting-videos"
  },
  {
    "name": "booty",
    "link": "https://worldstarhiphop.com/watch/booty-videos"
  },
  {
    "name": "Worldstar",
    "link": "https://worldstarhiphop.com/watch/worldstar-videos"
  }
]
