<?xml version="1.0" encoding="UTF-8" standalone="yes"?>
<addon id="plugin.video.worldstar" version="1.0" name="[COLOR red]Worldstar[/COLOR]" provider-name="onzarking1300">
<requires>
  <import addon="xbmc.python" version="3.0.0"/>
  <import addon="script.module.requests"/>
</requires>
<extension point="xbmc.python.pluginsource" library="default.py">
  <provides>video</provides>
</extension>
<extension point="xbmc.addon.metadata">
  <summary lang="en"></summary>
  <description lang="en_GB"></description>
  <assets>
    <icon>icon.png</icon>
  </assets>
</extension>
</addon>
